feature,importance
DiastolicBP,0.21444346318955915
BloodSugar,0.1638258464993571
SystolicBP,0.15654919568421344
BMI,0.14542259133255597
Age,0.11093218951405137
HeartRate,0.07869241923454579
WeightGain,0.06498364210396673
GestationalWeek,0.02969295140026972
BodyTemp,0.026943929480830298
PreviousPregnancies,0.008513771560650439
